stock_name,issue_date
KODEX 배당가치,2019-05-31
KODEX IT,2017-03-28
KODEX Fn멀티팩터,2019-11-14
일성건설,1989-12-02
RISE 2차전지액티브,2022-04-08
KODEX TDF2040액티브,2022-06-30
TIGER 차이나바이오테크SOLACTIVE,2020-12-08
RISE 배터리 리사이클링,2022-11-01
KODEX 미국S&P500TR,2021-04-09
TIMEFOLIO Korea플러스배당액티브,2022-09-27
TIGER 리츠부동산인프라,2019-07-19
HANARO 200 TOP10,2021-11-24
휴온스블러썸,2017-09-28
TIGER 미국배당+3%프리미엄다우존스,2023-06-20
맘스터치,2015-08-28
코스온,2003-10-14
엠젠플러스,1997-06-26
ACE 미국30년국채액티브,2024-03-12
ACE 글로벌브랜드TOP10블룸버그,2022-06-28
KODEX K-친환경선박액티브,2022-11-15
HANARO 미국메타버스iSelect,2022-02-22
TIGER 원유선물인버스(H),2015-04-29
아이엠텍,2016-02-03
KODEX K-메타버스액티브,2021-10-13
RISE 5G테크,2020-10-29
HANARO Fn조선해운,2022-09-15
TIGER 미국배당+7%프리미엄다우존스,2023-06-20
RISE 차이나항셍테크,2020-12-16
아이마켓코리아,2010-07-30
센트럴인사이트,1990-07-10
위닉스,2000-10-24
우성,1988-10-10
현대비앤지스틸,1987-03-24
아모그린텍,2019-03-29
옴니시스템,2007-09-19
우수AMS,2003-02-12
큐렉소,2002-07-03
우원개발,2002-06-18
위세아이텍,2020-02-10
RISE 컨택트대표,2021-06-10
KODEX 테슬라밸류체인FactSet,2023-06-08
디아이티,2018-08-07
KOSEF 독일DAX,2021-12-22
유진투자증권,1987-08-24
현대모비스,1989-09-05
앤디포스,2016-10-12
손오공,2005-01-07
카페24,2018-02-08
키움증권,2009-08-03
파인테크닉스,2009-03-16
경창산업,1994-12-29
비트컴퓨터,1997-07-04
뷰노,2021-02-26
CSA 코스믹,2006-07-25
오이솔루션,2014-02-27
송원산업,1977-06-25
유니온,1996-07-03
비큐AI,2022-06-20
진성티이씨,2000-07-20
푸른저축은행,1993-12-07
티에스아이,2020-07-22
HANARO KRX기후변화솔루션,2021-10-29
핑거스토리,2022-12-08
시디즈,2011-01-25
삼보산업,1993-12-07
에이에스텍,2023-11-28
SOOP,2003-12-19
대주전자재료,2004-12-10
아바코,2005-10-11
이노와이어리스,2005-02-04
영풍,1976-06-12
에이루트,2010-12-01
KODEX TDF2050액티브,2022-06-30
한국콜마,2012-10-19
네오위즈,2007-07-02
한솔케미칼,1989-05-20
기아,1973-07-21
에스폴리텍,2002-05-16
일정실업,1994-08-12
씨엑스아이,2010-03-31
대림제지,1994-11-07
대림B&Co,1992-12-23
제놀루션,2020-07-24
TIGER 코리아테크액티브,2023-11-28
동아엘텍,2007-01-03
큐로홀딩스,2001-06-26
CMG제약,2001-08-31
한국전자홀딩스,1979-11-30
삼양사,2011-12-05
씨앤투스,2021-01-28
동아쏘시오홀딩스,1970-02-10
스튜디오삼익,2024-02-06
아이엠,2008-07-23
KODEX 미국부동산리츠(H),2020-05-13
시스웍,2017-12-26
카이노스메드,2018-06-08
엔젯,2022-11-18
휴센텍,2015-04-28
삼성에스디에스,2014-11-14
아이엠비디엑스,2024-04-03
HL D&I,1994-08-12
현대지에프홀딩스,1989-08-22
위메이드플레이,2010-11-10
한화투자증권,1986-11-25
비엘팜텍,2002-11-19
피코그램,2021-11-03
유비온,2022-11-18
제주반도체,2005-02-01
세원이앤씨,2006-07-31
티에스이,2011-01-05
웅진씽크빅,2007-05-31
이루온,2003-01-28
KSS해운,2007-10-26
삼부토건,1976-06-26
TIGER 게임TOP10,2020-10-07
한화엔진,2011-01-04
동국씨엠,2023-06-16
버킷스튜디오,2003-12-19
핑거,2021-01-29
네오위즈홀딩스,2000-06-27
KODEX 코스닥150레버리지,2015-12-17
비즈니스온,2017-11-30
쏘닉스,2023-11-07
TIGER 미국나스닥100커버드콜(합성),2022-09-22
선익시스템,2017-09-20
플레이디,2020-03-12
켐트로스,2015-07-27
이스타코,1988-12-23
티케이케미칼,2011-04-26
웨스트라이즈,2002-12-17
아이에스동서,1986-01-27
세원정공,1996-07-03
삼성FN리츠,2023-04-10
뷰티스킨,2023-07-24
CJ,1973-06-29
한국캐피탈,1994-11-07
한세예스24홀딩스,2000-01-06
YG PLUS,2003-08-01
컨버즈,2009-03-17
링크드,2014-12-29
모니터랩,2023-05-19
현대오토에버,2019-03-28
명성티엔에스,2018-09-13
큐브엔터,2013-11-21
코렌텍,2013-03-05
케이엔에스,2023-12-06
사조동아원,1989-06-24
삼정펄프,2006-10-17
TIGER 인터넷TOP10,2020-10-07
노바렉스,2018-11-14
세종메디칼,2018-05-29
알테오젠,2014-12-12
테이팩스,2017-10-31
삼양통상,1989-11-10
한스바이오메드,2009-10-09
일승,2019-11-06
사람인,2012-02-21
부광약품,1988-08-05
상지건설,2000-10-19
대원미디어,2001-07-31
KODEX 2차전지핵심소재10 Fn,2023-07-04
SG&G,2000-04-27
신도리코,1996-12-24
JB금융지주,2013-07-18
인카금융서비스,2022-02-16
엑사이엔씨,2001-12-13
한국공항,1976-12-28
KCTC,1978-09-29
씨싸이트,2023-12-21
코웰패션,1997-10-13
얼라인드,2016-11-03
엔케이맥스,2015-10-23
형지엘리트,2009-09-28
바이온,1997-08-06
HJ중공업,2007-08-31
ACE 스마트하이베타,2019-04-16
한독,1976-06-30
유니테크노,2016-09-20
제우스,2006-02-01
아이오케이,2006-06-27
DSR제강,2003-01-28
포스뱅크,2024-01-29
삼천당제약,2000-10-04
삼보판지,1996-05-29
한양이엔지,2000-08-31
팅크웨어,2006-05-19
힘스,2017-07-20
KODEX Fn시스템반도체,2021-07-30
쿠콘,2021-04-28
크린앤사이언스,2000-12-05
동일철강,1994-11-07
DMS,2004-10-01
폰드그룹,2024-02-02
판타지오,1997-06-26
CJ씨푸드,1988-11-26
나래나노텍,2022-02-08
TS트릴리온,2019-04-29
코위버,2001-12-04
대한제당,1968-12-27
아이에이,2000-04-27
바이오다인,2021-03-17
알리코제약,2018-02-12
인디에프,1989-06-20
LG디스플레이,2004-07-23
상상인,2000-08-18
영원무역홀딩스,1988-11-07
셀트리온제약,2006-02-03
엑시콘,2015-10-22
누리플렉스,2000-08-29
프롬바이오,2021-09-28
ESR켄달스퀘어리츠,2020-12-23
모나용평,2016-05-27
지누스,2019-10-30
KODEX 필수소비재,2017-03-28
아이톡시,2002-08-22
삼성바이오로직스,2016-11-10
셀바스AI,2009-12-10
금호석유,1988-01-22
BGF리테일,2017-12-08
인천도시가스,2006-11-07
일신바이오,2007-12-26
ACE 국고채10년,2020-10-15
코오롱모빌리티그룹,2023-01-31
내츄럴엔도텍,2013-10-31
모바일어플라이언스,2017-02-24
경남스틸,2000-03-07
라온텍,2023-03-09
비스토스,2022-10-18
파인텍,2015-08-17
미창석유,1989-09-27
보령,1988-10-24
디이엔티,2005-01-26
이상네트웍스,2005-09-30
씨큐브,2011-11-08
한화,1976-06-24
SHD,1988-11-23
씨티프라퍼티,2001-08-02
한성기업,1989-01-26
레이저쎌,2022-06-24
한농화성,2003-01-09
카프로,1974-05-28
신라젠,2016-12-06
더블유게임즈,2019-03-12
모베이스전자,1994-10-26
알체라,2020-12-21
이지스레지던스리츠,2020-08-05
신성델타테크,2004-08-06
사조씨푸드,2012-06-29
코오롱인더,2010-02-01
다원시스,2010-09-14
체리부로,2017-12-04
원익큐브,1996-04-26
이엠넷,2011-11-25
동성제약,1990-01-19
케이카,2021-10-13
태경케미컬,2003-01-28
HANARO 32-10 국고채액티브,2022-11-22
제넨바이오,2004-10-29
SOL KRX기후변화솔루션,2021-10-29
현대엘리베이,1996-07-03
동양철관,1977-03-05
디엔에이링크,2011-12-26
SOL 코스닥150,2023-01-31
와이팜,2020-07-31
진양화학,2001-01-29
대창단조,1989-07-25
영우디에스피,2014-10-29
에스와이,2015-12-29
자연과환경,2005-11-18
농우바이오,2002-04-02
에이디테크놀로지,2014-12-16
에스씨엠생명과학,2020-06-17
KODEX Fn성장,2019-05-31
지니언스,2017-08-02
한화솔루션,1974-06-19
셀피글로벌,2010-10-19
KOSEF 미국ETF산업STOXX,2022-04-26
동원개발,1994-12-29
알에프세미,2007-11-20
화승알앤에이,2021-03-15
강원랜드,2003-09-04
LG에너지솔루션,2022-01-27
KODEX Fn웹툰&드라마,2021-07-30
프리시젼바이오,2020-12-22
대성에너지,2010-12-24
제테마,2019-11-14
코미팜,2001-10-30
서울전자통신,1999-12-03
아비코전자,2002-07-03
유니슨,1996-01-10
부스타,2011-02-23
HANARO e커머스,2019-04-23
IHQ,1973-12-18
이스트아시아홀딩스,2010-04-23
KODEX iShares미국인플레이션국채액티브,2023-10-19
상신이디피,2007-05-23
예림당,1999-11-30
SK텔레콤,1989-11-07
대림통상,1975-11-20
지더블유바이텍,1999-12-21
동아에스티,2013-04-08
세진티에스,2004-01-09
에스에너지,2007-10-16
대교,2004-02-03
파세코,2000-01-04
다우기술,1997-08-27
NH프라임리츠,2019-12-05
테라젠이텍스,2004-05-27
현대리바트,2005-11-22
KODEX 은선물(H),2011-07-18
유나이티드제약,2007-10-23
유진테크,2006-01-17
에이팩트,2014-12-26
참좋은여행,2007-04-30
스타에스엠리츠,2016-09-22
명신산업,2020-12-07
뉴지랩파마,2015-10-13
에스앤더블류,2009-08-05
대양전기공업,2011-07-08
SK디앤디,2015-06-23
HANARO 탄소효율그린뉴딜,2021-02-05
한싹,2023-10-04
솔루스첨단소재,2019-10-18
KODEX 2차전지산업,2018-09-12
TIGER 미국30년국채프리미엄액티브(H),2024-02-27
신신제약,2017-02-28
오스코텍,2007-01-17
이구산업,1995-08-18
남선알미늄,1978-05-22
티이엠씨,2023-01-19
RF머트리얼즈,2019-12-24
히어로즈 26-09 회사채(AA-이상)액티브,2023-08-17
HANARO 글로벌백신치료제MSCI,2022-06-08
SCI평가정보,1999-12-07
HANARO Fn K-메타버스MZ,2021-10-13
아모레퍼시픽,2006-06-29
에코플라스틱,2000-03-23
클리노믹스,2020-12-04
에스피소프트,2024-02-15
쌍방울,2008-06-10
핀텔,2022-10-20
아이스크림에듀,2019-07-11
씨유메디칼,2011-12-15
디오,2000-06-29
SK바이오팜,2020-07-02
폴라리스AI파마,2004-02-06
휴맥스,2009-11-16
종근당,2013-12-06
동우팜투테이블,2006-06-23
피엔티,2012-07-06
피씨디렉트,2002-02-15
덕신이피씨,2014-08-01
아남전자,1984-08-11
ACE ESG액티브,2021-05-25
지투파워,2022-04-01
싸이맥스,2015-06-17
가온전선,1987-06-08
DB금융투자,1988-06-27
코스메카코리아,2016-10-28
한전산업,2010-12-16
보해양조,1988-09-23
삼아제약,2000-07-19
신성통상,1975-12-22
나노브릭,2019-08-19
엑세스바이오,2013-05-30
코데즈컴바인,2001-09-18
서호전기,2002-07-16
KODEX 코스닥150선물인버스,2016-08-10
일진홀딩스,1990-03-22
메가스터디,2004-12-21
KODEX 은행,2006-06-27
포스코엠텍,1997-11-10
지엔코,2002-05-28
태경비케이,1991-03-07
에스디바이오센서,2021-07-16
팜스토리,1996-07-06
원준,2021-10-07
티피씨글로벌,2011-02-08
신세계,1985-08-19
지엠비코리아,2012-11-20
한화손해보험,1975-06-30
유니온머티리얼,2009-09-29
세원물산,1994-12-29
NPC,1969-09-08
ACE 주주환원가치주액티브,2022-11-15
SOL 의료기기소부장Fn,2023-08-22
동방아그로,1977-06-29
성우전자,2007-10-12
LS네트웍스,1973-11-15
남성,1989-11-14
한화갤러리아,2023-03-31
레이저옵텍,2024-02-01
유니크,1993-12-29
리메드,2019-12-06
케이웨더,2024-02-22
디지틀조선,1997-08-06
파버나인,2014-08-04
PLUS 미국S&P500,2022-05-31
KODEX Fn K-뉴딜디지털플러스,2020-11-10
한국정밀기계,2009-05-19
삼화네트웍스,2001-01-11
현대코퍼레이션,1977-12-01
네이처셀,1992-11-30
모다이노칩,2005-12-06
다올투자증권,1996-11-19
엠씨넥스,2021-07-06
링크제니시스,2018-02-05
네패스,1999-12-14
휴마시스,2014-12-01
코닉오토메이션,2021-10-15
오스템임플란트,2007-02-07
옵티시스,2011-07-12
에프에스티,2000-01-18
TIGER 퓨처모빌리티액티브,2021-05-25
글로벌텍스프리,2014-11-19
한국테크놀로지,2001-08-23
아이비김영,2019-12-24
KODEX 혁신기술테마액티브,2020-09-29
HANARO Fn K-반도체,2021-07-30
메디아나,2014-10-07
TIGER 글로벌비만치료제TOP2Plus,2024-02-29
디티앤씨,2014-12-17
바텍,2006-09-29
진원생명과학,1987-11-16
중앙에너비스,1993-03-24
이리츠코크렙,2018-06-27
SOL 미국배당다우존스(H),2023-03-21
비상교육,2008-06-30
태양금속,1976-05-25
이미지스,2010-02-26
아이쓰리시스템,2015-07-30
한화리츠,2023-03-27
모나리자,1988-10-14
랩지노믹스,2014-12-16
국영지앤엠,1994-10-07
켐트로닉스,2007-01-17
히어로즈 리츠이지스액티브,2022-05-24
파커스,2002-07-16
이원컴포텍,2009-12-01
엘디티,2008-05-02
삼화전자,1987-05-25
프로티아,2023-06-16
HANARO Fn친환경에너지,2021-04-02
삼성증권,1988-03-28
와이씨,2015-12-24
계룡건설,1996-01-30
스마트레이더시스템,2023-08-22
포바이포,2022-04-28
케이엔제이,2019-10-25
서연,1989-09-09
멕아이씨에스,2015-12-14
대한제분,1970-11-25
코퍼스코리아,2019-05-31
야스,2017-09-29
효성중공업,2018-07-13
스마트솔루션즈,2011-11-18
모비스,2016-09-08
헥토파이낸셜,2019-07-12
현우산업,2007-10-24
잉크테크,2002-02-28
현대건설,1984-12-22
대원화성,1997-10-28
S&K폴리텍,2007-07-30
제이에스코퍼레이션,2016-02-04
엠투아이,2020-07-29
HANARO Fn전기&수소차,2021-04-02
KODEX iShares미국투자등급회사채액티브,2023-10-19
피엔케이피부임상연구센타,2020-09-09
레뷰코퍼레이션,2023-10-06
시큐센,2023-06-29
휴니드,1991-09-03
현대위아,2011-02-21
에스와이스틸텍,2023-11-13
가온칩스,2022-05-20
원익피앤이,2011-09-27
성우테크론,2001-12-18
우리넷,2010-01-27
대호특수강,1996-08-27
필옵틱스,2017-06-01
KODEX 미국S&P500경기소비재,2023-03-21
DB손해보험,1973-06-28
대창솔루션,2007-12-17
유비쿼스,2017-03-31
대원강업,1977-06-22
하이로닉,2014-12-17
사조오양,1986-12-24
CJ제일제당,2007-09-28
천보,2019-02-11
동국제강,2023-06-16
골프존뉴딘홀딩스,2011-05-20
대한과학,2011-10-11
ACE 미국나스닥100,2020-10-29
RFHIC,2015-06-30
솔브레인,2020-08-06
인스웨이브시스템즈,2023-09-25
TIGER 2차전지TOP10,2020-10-07
대성파인텍,2009-01-23
KODEX 유럽명품TOP10 STOXX,2023-04-25
한국기업평가,2002-02-07
데브시스터즈,2014-10-06
기신정기,2007-10-30
에이플러스에셋,2020-11-20
TIGER 차이나항셍테크,2020-12-16
오리엔탈정공,2001-12-26
대원산업,1993-06-21
TIGER 미국테크TOP10 INDXX,2021-04-09
평화산업,2006-06-02
에코프로머티,2023-11-17
금강공업,1988-09-10
HLB파나진,2000-08-16
비덴트,2011-12-01
히어로즈 단기채권ESG액티브,2022-03-03
텔코웨어,2004-07-20
케이엠,2005-12-20
에이프로젠바이오로직스,1984-10-19
현대그린푸드,2023-04-10
엘오티베큠,2005-10-05
와이엠씨,2012-11-15
KODEX 자동차,2006-06-27
아우딘퓨쳐스,2017-07-12
제일일렉트릭,2020-11-26
파미셀,1988-05-20
휴스틸,1973-06-29
KC그린홀딩스,1994-11-05
KODEX 코스피대형주,2019-11-14
안국약품,2000-06-15
미코,2002-01-15
나이스디앤비,2011-12-22
LX하우시스,2009-04-20
유신,2002-01-15
PLUS K-유니콘투자기업액티브,2022-07-13
케어랩스,2018-03-28
동방선기,2009-11-10
TIGER 2차전지테마,2018-09-12
진양홀딩스,2008-02-15
TIGER 글로벌멀티에셋TIF액티브,2022-08-30
우진엔텍,2024-01-24
화일약품,2002-04-18
보로노이,2022-06-24
로스웰,2016-06-30
케이디켐,2015-11-19
이화공영,1994-11-23
진도,2006-03-28
레이,2019-08-08
SK머티리얼즈,1999-12-14
DL이앤씨,2021-01-25
비츠로셀,2009-10-28
이화전기,1994-12-29
이삭엔지니어링,2021-04-21
아미노로직스,2004-06-04
KODEX 미국S&P500필수소비재,2023-03-21
COWON,2003-07-11
엔지켐생명과학,2018-02-21
SOL 자동차TOP3플러스,2023-10-05
엑스플러스,2021-02-26
쎌마테라퓨틱스,1989-09-02
HMM,1995-10-05
천일고속,1977-06-23
JW신약,2003-02-11
디와이,1989-05-30
서연탑메탈,2011-06-24
아톤,2019-10-17
대유,2018-08-10
골드앤에스,1999-12-07
초록뱀미디어,2002-12-24
LG,1970-02-13
에이비프로바이오,2015-04-13
플랜티넷,2005-06-10
세동,2001-08-17
조선선재,2010-02-19
삼양홀딩스,1968-12-27
하나금융지주,2005-12-12
자안바이오,2016-01-27
대원제약,1999-12-15
키네마스터,2011-12-02
KG이니시스,2002-11-22
스타코링크,2002-01-04
와이씨켐,2022-07-14
PLUS ESG가치주액티브,2021-07-30
제이스코홀딩스,1994-10-07
바이브컴퍼니,2020-10-28
수산인더스트리,2022-08-01
큐라클,2021-07-22
SOL 미국S&P500,2022-06-21
알루코,2007-06-07
라온시큐어,2001-01-03
RISE 미국S&P500(H),2023-03-21
코오롱생명과학,2009-04-07
희림,2000-02-03
KODEX 인도Nifty50,2023-04-21
모헨즈,1989-01-05
웹젠,2003-05-23
CJ프레시웨이,2001-07-26
그린케미칼,2005-10-20
팬엔터테인먼트,2006-07-07
신성에스티,2023-10-19
엠로,2021-08-13
대주산업,1992-08-01
이녹스,2006-10-20
아진엑스텍,2014-07-24
파멥신,2018-11-21
대성홀딩스,1999-12-22
쌍용정보통신,2000-04-14
퓨처코어,2012-08-02
TIGER Fn신재생에너지,2021-03-05
대신증권,1975-10-01
백광산업,1976-06-10
KODEX 미국나스닥100TR,2021-04-09
뉴로스,2012-02-15
딜리,2011-01-31
효성첨단소재,2018-07-13
한국패러랠,2013-04-19
우리기술투자,2000-06-09
디에이피,2004-05-14
램테크놀러지,2013-11-18
F&F,2021-05-21
모나미,1974-06-26
블루콤,2011-01-26
케이알엠,2007-10-19
하나제약,2018-10-02
이마트,2011-06-10
마이크로투나노,2023-04-26
에스바이오메딕스,2023-05-04
쎄니트,2000-04-07
HDC현대EP,2006-09-25
탑엔지니어링,2003-01-29
유한양행,1962-11-01
현대홈쇼핑,2010-09-13
삼화페인트,1993-09-10
NI스틸,1975-06-28
차바이오텍,2005-12-27
마이크로디지탈,2019-06-05
세아메카닉스,2022-03-24
RISE 비메모리반도체액티브,2021-06-10
FOCUS AI코리아액티브,2022-11-15
크라운제과,2017-04-11
조흥,1976-12-23
아이즈비전,1997-07-25
코오롱글로벌,1978-09-15
딥노이드,2021-08-17
엔지스테크널러지,2016-07-28
크라운해태홀딩스,1976-06-30
원익QnC,2003-12-12
한국정보통신,1998-01-20
동양피스톤,2017-12-08
제일엠앤에스,2024-04-30
플래스크,2002-11-01
JYP Ent.,2001-08-30
TIGER 배당프리미엄액티브,2023-12-12
KBSTAR KRX기후변화솔루션,2021-10-29
아시아경제,2015-07-31
신도기연,2020-07-06
펩트론,2015-07-22
SV인베스트먼트,2018-07-06
노을,2022-03-03
에쓰씨엔지니어링,1997-06-23
에치에프알,2015-12-16
삼성카드,2007-06-27
엔에프씨,2020-12-02
폴라리스AI,2002-08-13
HLB,1996-07-27
디케이락,2010-11-12
지앤비에스 에코,2021-10-29
율촌화학,1988-08-30
KODEX K-로봇액티브,2022-11-15
씨티씨바이오,2002-02-21
테크윙,2011-11-10
KB오토시스,1994-12-07
삼아알미늄,1980-12-05
드림인사이트,2024-01-25
이지바이오,2020-06-05
기가레인,2013-12-19
아티스트유나이티드,2021-02-03
조광페인트,1976-12-27
유테크,2015-06-30
오가닉티코스메틱,2016-11-04
인바이오젠,2008-04-02
포스코DX,2024-01-02
브릿지바이오테라퓨틱스,2019-12-20
깨끗한나라,1975-06-25
세아베스틸지주,1991-03-12
엘브이엠씨홀딩스,2010-11-30
HLB제약,2015-12-21
삼화왕관,1976-05-28
한솔인티큐브,2004-01-08
강남제비스코,1975-11-12
KODEX 바이오,2016-05-13
엔피디,2020-03-16
케이엔더블유,2009-09-29
파두,2023-08-07
KODEX 아시아AI반도체exChina액티브,2023-02-01
코리아에프티,2010-08-27
아이씨에이치,2022-07-29
에브리봇,2021-07-28
앤씨앤,2007-06-26
나노,2014-05-08
유투바이오,2023-11-02
한일시멘트,2018-08-06
코오롱ENP,2011-06-15
제이앤티씨,2020-03-04
포메탈,2010-09-17
화천기계,1988-12-12
한솔제지,2015-01-26
솔브레인홀딩스,2000-01-18
ACE 미국30년국채엔화노출액티브(H),2024-03-12
TIGER 미국달러단기채권액티브,2019-07-24
윤성에프앤씨,2022-11-14
우리이앤엘,2013-02-05
DSR,2013-05-15
한국가구,1993-06-03
엔켐,2021-11-01
빙그레,1978-08-31
타이거일렉,2015-09-25
플레이그램,1988-08-31
싸이버원,2021-03-11
SOL 2차전지소부장Fn,2023-04-25
토탈소프트,2002-07-19
씨에스베어링,2019-11-21
금강철강,2002-01-04
한국종합기술,2011-04-28
SGA솔루션즈,2013-12-20
마녀공장,2023-06-08
ACE 원자력테마딥서치,2022-06-28
에스피지,2002-07-23
삼현철강,2001-01-09
TKG휴켐스,2002-10-07
금호건설,1976-06-26
일동제약,2016-08-31
두산에너빌리티,2000-10-25
TIGER 코스닥글로벌,2023-06-29
PLUS K방산,2023-01-05
KODEX WTI원유선물(H),2016-12-27
오리콤,2000-10-24
한양디지텍,2004-05-14
제로투세븐,2013-02-19
클라우드에어,1999-12-21
이글루,2010-08-04
에스앤디,2021-09-29
일야,2002-01-17
리튬포어스,2004-01-06
한국제지,1971-06-23
옵트론텍,2005-06-24
우진비앤지,2008-05-20
KR모터스,1976-05-25
피에이치에이,2001-12-13
소마젠,2020-07-13
두산퓨얼셀,2019-10-18
SKC 솔믹스,2001-12-26
바이오플러스,2021-09-27
레인보우로보틱스,2021-02-03
삼일기업공사,1992-11-30
지씨셀,2016-06-23
세토피아,2015-08-13
오킨스전자,2014-12-24
엣지파운드리,2014-07-11
인벤티지랩,2022-11-22
비나텍,2020-09-23
한빛소프트,2002-01-10
네오이뮨텍,2021-03-16
자이언트스텝,2021-03-24
모아라이프플러스,2016-07-07
HRS,2000-05-30
주성엔지니어링,1999-12-24
코스맥스비티아이,2006-11-13
삼성물산,1990-01-01
지니뮤직,2000-07-20
해태제과식품,2016-05-11
퓨런티어,2022-02-23
디지털대성,2003-10-17
브이티,1994-09-07
아세아시멘트,2013-11-06
올리패스,2019-09-20
NH투자증권,1975-09-30
KT&G,1999-10-08
흥국에프엔비,2015-08-07
진시스템,2021-05-26
KODEX 200exTOP,2019-11-14
브레인즈컴퍼니,2021-08-19
싸이토젠,2018-11-22
큐로셀,2023-11-09
정상제이엘에스,2000-08-01
동성케미컬,2008-06-23
현대약품,1978-06-28
RISE KIS국고채30년Enhanced,2021-05-26
티이엠씨씨엔에스,2016-12-01
신원,1988-08-24
케이옥션,2022-01-24
고려산업,1991-01-14
무학,2010-07-20
TIGER 원유선물Enhanced(H),2010-08-02
우리산업홀딩스,2003-10-28
한국주강,1997-07-18
풍산,2008-07-30
금양,1976-12-17
신라에스지,1995-07-07
HL만도,2014-10-06
한전KPS,2007-12-14
한일현대시멘트,1975-12-26
심텍홀딩스,2000-01-04
크리스에프앤씨,2018-10-01
이닉스,2024-02-01
대정화금,2010-12-20
동화기업,1995-08-07
오스템,1997-02-12
한국팩키지,1999-12-21
부국증권,1988-07-19
신대양제지,1995-12-21
SOL 미국30년국채커버드콜(합성),2023-12-27
솔트룩스,2020-07-23
디에이테크놀로지,2014-11-19
브랜드엑스코퍼레이션,2020-08-13
RISE 미국반도체NYSE,2023-10-24
ACE 차이나항셍테크,2020-12-16
비씨월드제약,2014-12-15
TIGER 바이오TOP10,2020-10-07
화성밸브,2000-03-16
대동스틸,2002-01-10
에스제이그룹,2019-11-18
에이디칩스,2001-11-13
SM C&C,2001-01-18
써니전자,1987-04-22
서진오토모티브,2010-05-25
폴라리스세원,2017-10-20
범한퓨얼셀,2022-06-17
HANARO 고배당,2019-04-23
마니커에프앤지,2019-08-20
휴비스,2012-02-23
SK이노베이션,2007-07-25
브이원텍,2017-07-13
리노공업,2001-12-18
디케이앤디,2018-11-20
오비고,2021-07-13
에이비온,2021-09-08
휴온스글로벌,2006-12-19
아이센스,2013-01-30
TIGER 미국투자등급회사채액티브(H),2023-05-31
스타플렉스,2010-01-27
신풍제약,1990-01-20
셀바스헬스케어,2014-12-17
청담글로벌,2022-06-03
LG화학,2001-04-25
제이투케이바이오,2024-03-25
오텍,2003-11-14
지스마트글로벌,2010-02-04
성호전자,2001-11-29
제노포커스,2015-05-29
위니아에이드,2022-06-23
코츠테크놀로지,2023-08-10
LS,1977-06-30
예스24,2008-05-07
GV,2005-11-28
만호제강,1977-06-18
더존비즈온,1988-10-28
큐리옥스바이오시스템즈,2023-08-10
풍강,2007-06-01
콘텐트리중앙,2019-10-18
대유플러스,1975-06-09
롯데쇼핑,2006-02-09
아가방컴퍼니,2002-01-17
한국단자,1996-10-16
카티스,2024-05-03
에이블씨엔씨,2011-09-07
ACE 포스코그룹포커스,2023-10-17
에스엘,1988-11-08
셀리드,2019-02-20
효성티앤씨,2018-07-13
체시스,1999-08-11
퀀타피아,2004-08-27
TIGER Fn반도체TOP10,2021-08-10
ITF 200,2023-12-21
에코프로비엠,2019-03-05
TIGER AI코리아그로스액티브,2020-09-29
조비,1976-12-28
에스엘에너지,2015-06-25
에이치시티,2016-10-17
한국카본,1995-07-08
대상,1970-04-01
세진중공업,2015-11-30
투비소프트,2010-06-01
기업은행,2003-12-24
이지케어텍,2019-03-22
새론오토모티브,2005-10-21
디아이,1996-07-31
압타바이오,2019-06-12
이엘씨,2003-07-04
KODEX 미국S&P500헬스케어,2023-03-21
보라티알,2017-06-08
동아지질,2009-06-12
쿠쿠홈시스,2018-01-11
대영포장,1990-03-06
남해화학,1995-11-10
유라테크,2001-01-11
부산주공,1975-12-26
한샘,2002-07-16
세아특수강,2011-06-01
네오티스,2007-10-01
화신정공,2010-08-31
KG모빌리언스,2004-12-14
씨젠,2010-09-10
셀루메드,2002-05-23
더블유씨피,2022-09-30
TIGER 미국테크TOP10+10%프리미엄,2024-01-16
제이씨케미칼,2011-08-08
지란지교시큐리티,2014-12-24
큐캐피탈,1993-06-21
케이바이오,2000-06-09
KNN,2010-11-03
코맥스,2000-01-18
롯데케미칼,1991-05-30
애니젠,2016-12-07
STX엔진,2004-05-10
DI동일,1964-01-04
코스모화학,1987-07-23
루멘스,2006-08-08
영화테크,2017-10-26
TIGER 미국필라델피아반도체나스닥,2021-04-09
녹십자웰빙,2019-10-14
화인써키트,2023-02-17
그린플러스,2019-08-07
인트로메딕,2013-12-19
케이에스피,2004-12-17
효성오앤비,2008-04-08
티움바이오,2019-11-22
나우IB,2018-10-04
에이스침대,1996-05-03
녹십자엠에스,2014-12-17
경동나비엔,1993-08-31
SIMPAC,1989-07-29
와이투솔루션,1995-12-21
현대힘스,2024-01-26
위즈코프,2000-05-04
KODEX 미국ETF산업Top10 Indxx,2022-05-17
엔텔스,2007-06-20
노루홀딩스,1973-08-10
쏠리드,2005-07-08
HS애드,1999-08-11
NHN KCP,2002-01-08
씨아이에스,2015-09-02
HANARO 글로벌반도체TOP10 SOLACTIVE,2023-08-01
RISE 글로벌리얼티인컴,2024-02-20
HANARO 원자력iSelect,2022-06-28
에스티오,2009-04-17
코오롱티슈진,2017-11-06
캐리,2019-07-25
인포뱅크,2006-07-04
우진플라임,2006-05-24
에스코넥,2007-12-26
대아티아이,2001-05-17
동원수산,1996-11-22
HD현대,2017-05-10
서흥,1990-03-27
이퓨쳐,2011-04-27
제이엠아이,1997-08-18
LX인터내셔널,1976-01-30
SOL 미국TOP5채권혼합40 Solactive,2022-11-29
크래프톤,2021-08-10
배럴,2018-02-01
하이트론,1998-11-04
제일테크노스,2000-01-11
스튜디오미르,2023-02-07
와이바이오로직스,2023-12-05
이수화학,1988-04-28
지니너스,2021-11-08
코웨이,2001-08-07
CJ대한통운,1956-07-02
DH오토리드,2018-12-07
유유제약,1975-11-18
신스틸,2022-12-23
미원홀딩스,2009-03-02
와이엠,1994-08-05
하나투어,2011-11-01
가비아,2005-10-19
한네트,2001-07-10
화승코퍼레이션,1991-02-22
컴퍼니케이,2019-05-23
AP헬스케어,2009-11-13
휴네시온,2018-08-02
현대사료,2018-06-01
KIB플러그에너지,1989-05-27
삼천리자전거,1995-01-04
이노룰스,2022-10-07
칩스앤미디어,2015-08-05
다스코,2004-08-02
크라우드웍스,2023-08-31
ISC,2007-10-01
안랩,2001-09-13
코나아이,2001-10-18
에이티세미콘,2011-11-11
콜마비앤에이치,2014-07-23
인크로스,2016-10-31
신원종합개발,1994-12-07
현대백화점,2002-11-25
메디톡스,2009-01-16
스킨앤스킨,2012-12-27
두산테스나,2013-10-22
현대퓨처넷,2010-12-23
KEC,2006-10-16
HB인베스트먼트,2024-01-25
무림SP,2000-01-04
삼성제약,1975-07-04
제주맥주,2021-05-26
나노팀,2023-03-03
하나머티리얼즈,2017-04-28
서남,2020-02-20
필에너지,2023-07-14
KODEX 200선물인버스2X,2016-09-22
비씨엔씨,2022-03-03
포인트모바일,2020-12-03
세아제강,2018-10-05
SOL 자동차소부장Fn,2023-08-22
에코마이스터,2018-03-15
컬러레이,2017-08-10
프레스티지바이오로직스,2021-03-11
로보티즈,2018-10-26
제룡산업,2012-02-13
한국쉘석유,1988-08-10
알에프텍,2002-05-16
월덱스,2008-06-19
슈프리마,2016-02-05
에프알텍,2007-05-18
데이타솔루션,2017-08-03
인지컨트롤스,1997-06-23
아이에스이커머스,2007-12-05
공구우먼,2022-03-23
PLUS 태양광&ESS,2023-06-20
진로발효,1993-12-29
구영테크,2002-02-07
펄어비스,2017-09-14
NAVER,2008-11-28
원일특강,1994-06-28
흥국화재,1974-12-05
케스피온,2005-11-29
SOL 국고채10년,2022-09-06
인바디,2000-12-14
우리로,2012-11-27
씨에스윈드,2014-11-27
3S,2002-04-23
씨앤씨인터내셔널,2021-05-17
KODEX 반도체,2006-06-27
와이랩,2023-07-20
코오롱,1975-06-23
노루페인트,2006-07-03
동진쎄미켐,1999-12-21
RISE 수소경제테마,2020-10-29
TBH글로벌,2005-12-19
동아화성,2001-12-26
에스티큐브,2001-07-05
메디앙스,1995-01-03
이엔에프테크놀로지,2009-05-28
자이에스앤디,2019-11-06
동부건설,1978-10-30
GST,2006-02-01
하츠,2003-02-11
플래티어,2021-08-12
포스코인터내셔널,2001-03-23
쎄트렉아이,2008-06-13
알톤,2010-07-02
엔시스,2021-04-01
하림,2011-05-02
팜스코,1999-10-25
씨엔플러스,2011-11-02
CNH,1994-10-07
OQP,2005-10-27
세방전지,1987-11-28
영흥,2010-01-25
케이씨에스,2010-04-14
아진산업,2015-12-22
카카오페이,2021-11-03
진매트릭스,2009-11-06
동일기연,1997-07-18
디어유,2021-11-10
퓨릿,2023-10-18
성도이엔지,2000-01-11
이아이디,2007-11-01
KX,2011-05-25
제일파마홀딩스,1988-01-20
엘앤씨바이오,2018-11-01
세보엠이씨,1996-12-23
이노션,2015-07-17
GS,2004-08-05
HDC,1996-10-16
사피엔반도체,2024-02-19
엠에스씨,1993-10-12
SG,2018-01-26
라온테크,2021-06-17
글로벌에스엠,2009-12-23
넥스트칩,2022-07-01
지어소프트,2002-05-28
알파홀딩스,2010-09-17
그래디언트,1999-07-05
MDS테크,2006-09-26
멀티캠퍼스,2006-11-16
케이피티유,2002-04-25
서원,1996-01-30
삼호개발,2005-05-12
플레이위드,1994-11-07
계양전기,1988-07-06
삼양패키징,2017-11-29
KODEX TDF2030액티브,2022-06-30
광명전기,1990-09-14
셀레믹스,2020-08-21
쏘카,2022-08-22
광주신세계,2002-02-07
나무가,2015-11-12
TIGER 차이나반도체FACTSET,2021-08-10
삼영무역,1988-03-28
HANARO CAPEX설비투자iSelect,2023-04-18
오픈엣지테크놀로지,2022-09-26
삼양식품,1975-06-30
농심홀딩스,2003-07-30
삼표시멘트,2001-02-01
SOL 미국배당다우존스,2022-11-15
HANARO Fn K-POP&미디어,2021-07-30
우진,2010-07-26
롯데렌탈,2021-08-19
현대글로비스,2005-12-26
NEW,2014-12-23
프레스티지바이오파마,2021-02-05
제이준코스메틱,1995-07-08
코리아에셋투자증권,2019-11-20
클래시스,2015-04-03
에코바이오,2001-05-29
에이스토리,2019-07-19
ACE 코스닥150,2020-05-07
지놈앤컴퍼니,2020-12-23
해성에어로보틱스,2021-04-21
우리산업,2015-05-06
쇼박스,2006-07-07
KH 필룩스,2001-12-26
네오펙트,2018-11-28
티플랙스,2009-04-23
어보브반도체,2009-06-05
와이엠텍,2021-09-10
디앤씨미디어,2017-08-01
제이엠티,2007-10-12
코어라인소프트,2023-09-18
PLUS K리츠,2022-05-24
엠플러스,2017-09-20
GS글로벌,1976-06-26
코이즈,2012-09-27
현진소재,2002-02-15
KODEX 레버리지,2010-02-22
리더스코스메틱,2003-01-15
케이티알파,1999-12-24
KODEX 미디어&엔터테인먼트,2017-03-28
고려개발,1978-10-30
KOSEF 미국S&P500,2022-12-20
마크로젠,2000-02-22
위지트,1999-12-10
신영와코루,1976-12-28
SOL 200 Top10,2021-12-09
드림어스컴퍼니,2003-12-19
오리온홀딩스,1975-06-27
호텔신라,1991-03-12
SBS,2003-06-25
TIGER 미국배당다우존스,2023-06-20
삼영에스앤씨,2021-05-21
바이젠셀,2021-08-25
효성화학,2018-07-13
코윈테크,2019-08-05
대현,1990-09-20
엘엠에스,2007-10-12
컴투스홀딩스,2009-07-30
조이시티,2008-05-30
CBI,1993-12-29
티앤알바이오팹,2018-11-28
한선엔지니어링,2023-11-24
퓨쳐켐,2016-12-01
바이오인프라,2023-03-02
효성,1973-06-30
현대무벡스,2019-05-08
넥센,1987-12-19
SBI인베스트먼트,1989-09-06
GS홈쇼핑,2000-01-20
동국알앤에스,2004-02-13
PI첨단소재,2021-08-09
제이웨이,2002-01-10
LF,2006-12-01
에코앤드림,2020-07-30
와이지엔터테인먼트,2011-11-23
포스코퓨처엠,2019-05-29
인베니아,2005-02-04
아이티센,2014-12-23
보성파워텍,1994-09-07
삼익THK,1989-09-26
한프,2002-07-16
풍원정밀,2022-02-28
대창,1989-12-05
메디포스트,2005-07-29
백산,1999-08-11
에이스테크,2006-03-27
피엔에이치테크,2021-02-16
영림원소프트랩,2020-08-12
원익홀딩스,1996-09-24
참존글로벌,2013-04-03
KCC건설,2001-08-21
CS,2004-06-04
에이치엔티,2016-11-28
TIGER BBIG,2020-10-07
LX세미콘,2022-11-03
PN풍년,1995-01-04
바른손이앤에이,1999-08-13
스카이문스테크놀로지,2001-06-26
메지온,2012-01-20
유성티엔에스,1999-12-10
크리스탈신소재,2016-01-28
우리기술,2000-06-22
원풍,1992-12-18
대양금속,1994-04-29
일진하이솔루스,2021-09-01
서부T&D,1995-10-06
녹원씨엔아이,2003-07-01
와이엠티,2017-04-27
윌비스,1989-07-28
대한해운,1992-04-23
코스모신소재,1987-09-28
넥슨게임즈,2015-09-25
미원에스씨,2017-05-22
경보제약,2015-06-29
KB제29호스팩,2024-06-21
대한유화,1999-08-11
SNT홀딩스,2002-10-22
씨티케이,2017-12-07
에스비비테크,2022-10-17
ACE 글로벌반도체TOP4 Plus SOLACTIVE,2022-11-15
매일유업,2017-06-05
서울제약,2000-08-18
카카오게임즈,2020-09-10
매직마이크로,2015-11-19
한국전력,1989-08-10
ACE 2차전지&친환경차액티브,2021-05-25
코람코더원리츠,2022-03-28
로보스타,2011-10-17
픽셀플러스,2015-06-12
이엘피,2017-04-06
KG케미칼,1989-08-25
동남합성,1996-12-24
CG인바이츠,2006-01-06
아이씨티케이,2024-05-17
미코바이오메드,2020-10-22
레이언스,2016-04-11
롯데웰푸드,2017-10-30
샘코,2017-09-15
영진약품,1973-06-25
제일바이오,2002-01-24
케이피에스,2017-09-06
KODEX 증권,2008-05-29
금호타이어,2005-02-17
디씨엠,1999-08-18
덕성,1987-09-25
에이텍,2001-05-24
한컴위드,2001-11-01
포티스,2013-01-29
대양제지,1993-12-29
ACE 미국30년국채액티브(H),2023-03-14
포시에스,2015-02-11
LX홀딩스,2021-05-27
DL,1976-02-02
디바이스이엔지,2017-12-20
BF랩스,2011-07-29
유아이엘,2001-08-02
세아홀딩스,2001-07-30
YBM넷,2004-06-08
안트로젠,2016-02-15
전방,1968-10-21
제낙스,2002-06-27
에스유홀딩스,1997-01-07
팸텍,2023-05-23
에스에프에이,2001-12-18
테스,2008-05-20
KODEX WTI원유선물인버스(H),2017-06-13
아리온,2005-08-05
지코,1994-12-27
신진에스엠,2011-11-28
코리안리,1969-12-22
팬오션,2007-09-21
SOL KEDI메가테크액티브,2022-10-18
우리손에프앤지,2016-07-27
쌍용C&E,1975-05-03
폴라리스우노,2010-01-15
서울식품,1973-12-28
티앤엘,2020-11-20
스톤브릿지벤처스,2022-02-25
갤럭시아머니트리,2007-07-20
화신,1994-01-14
제넥신,2009-09-15
사조대림,1976-09-16
하이트진로,2009-10-19
경인양행,1995-10-05
에스엔유,2005-01-25
알멕,2023-06-30
STX,1990-09-12
오스테오닉,2018-02-22
흥구석유,1994-12-07
LG유플러스,2008-04-21
이글벳,2000-11-16
해성옵틱스,2013-11-06
광림,1993-07-07
에스넷,2000-04-27
롯데에너지머티리얼즈,2011-03-04
선진뷰티사이언스,2021-01-27
HD현대미포,1983-12-20
한화생명,2010-03-17
APS,2001-12-04
캔서롭,2015-11-20
유니퀘스트,2004-08-05
현대에이치티,2000-07-20
에이텍모빌리티,2015-08-25
아이디피,2020-08-24
디지캡,2018-09-07
테라셈,2014-10-30
에스아이리소스,2002-08-22
광전자,1996-10-16
파인디지털,2000-05-04
민테크,2024-05-03
동서,2016-07-15
HLB글로벌,1990-03-23
티비씨,2010-11-29
대한항공,1966-03-18
셀바이오휴먼텍,2023-04-20
코칩,2024-05-07
서진시스템,2017-03-27
중앙백신,2003-10-31
부국철강,2008-10-14
KOSEF 코스닥글로벌,2023-10-24
ES큐브,2002-04-25
삼성전자,1975-06-11
특수건설,1997-08-06
TIGER 글로벌자율주행&전기차SOLACTIVE,2021-07-20
선바이오,2022-10-05
영화금속,1990-01-25
시노펙스,1995-04-20
마이티 26-09 특수채(AAA)액티브,2023-09-21
STX그린로지스,2023-09-15
소리바다,2001-10-09
버넥트,2023-07-26
에스에스알,2018-08-06
BGF,2014-05-19
노블엠앤비,2012-07-13
나노캠텍,2007-01-30
코아시아씨엠,2014-06-02
메리츠금융지주,2011-05-13
포니링크,2002-08-22
고영,2008-06-03
일신방직,1973-05-23
매일홀딩스,1999-05-14
JW홀딩스,2007-07-31
지역난방공사,2010-01-29
RISE 미국S&P500,2021-04-09
경방,1956-03-03
헬릭스미스,2005-12-29
국보디자인,2002-09-05
선도전기,1989-11-30
일동홀딩스,1975-06-28
TIGER 인도니프티50,2023-04-14
TIGER 미국S&P500선물(H),2011-07-18
엘컴텍,2000-08-24
S-Oil,1987-05-27
오성첨단소재,2001-08-07
HANARO Fn골프테마,2021-11-24
에이리츠,2011-07-14
인화정공,2010-10-22
TIGER 미국테크TOP10채권혼합,2023-12-05
하이브,2020-10-15
레이크머티리얼즈,2017-12-12
아스타,2017-03-20
KPX홀딩스,2006-10-12
미디어젠,2019-11-05
RISE KP달러채권액티브,2023-11-09
한독크린텍,2019-09-05
비보존 제약,2005-11-18
에이피알,2024-02-27
태경산업,1996-01-30
백금T&A,2002-02-05
젬백스,2005-06-24
스코넥,2022-02-04
삼지전자,1999-12-16
피엠티,2016-12-12
오에스피,2022-10-14
엔바이오니아,2019-10-24
코리아써키트,1985-09-09
우듬지팜,2023-09-19
신라섬유,1994-06-28
윈하이텍,2014-07-25
와이오엠,2002-12-24
에스엘에스바이오,2023-10-20
스맥,2009-05-26
SOL 한국형글로벌반도체액티브,2022-04-12
창해에탄올,2014-07-30
티라유텍,2019-10-31
비피도,2018-12-26
SK증권,1986-09-20
프리엠스,2001-10-30
E1,1997-08-27
지오릿에너지,2017-08-22
케어젠,2015-11-17
에이엘티,2023-07-27
환인제약,1996-07-03
이노메트리,2018-12-12
대웅,1973-06-26
국일신동,2014-12-29
SGA,2001-10-11
KODEX iShares미국하이일드액티브,2023-10-19
한국금융지주,2003-07-21
에스티팜,2016-06-23
NE능률,2002-12-10
동성화인텍,1997-12-19
휴메딕스,2014-12-26
수젠텍,2019-05-28
헝셩그룹,2016-08-18
HPSP,2022-07-15
하나기술,2020-11-25
에스텍,2003-11-14
성보화학,1976-12-23
삼영,1976-06-30
푸른기술,2007-09-14
한국무브넥스,1987-10-02
삼기,2010-03-19
한창,1976-06-01
웰크론한텍,2008-07-18
종근당홀딩스,1976-06-30
한컴라이프케어,2021-08-17
PLUS 우주항공&UAM,2022-03-29
오르비텍,2010-06-15
대한방직,1973-12-28
아세아,1974-06-03
인텔리안테크,2016-10-18
일성아이에스,1985-01-14
탑코미디어,2013-11-26
에이치엘사이언스,2016-10-28
대동전자,1990-06-05
한국석유,1977-06-25
시공테크,1999-08-13
DSC인베스트먼트,2016-12-19
넥스턴바이오,2006-11-01
DRB동일,1976-05-21
KODEX 미국S&P500유틸리티,2023-08-01
레드로버,2002-01-10
비에이치아이,2005-12-02
TIGER MKF배당귀족,2022-10-18
TS인베스트먼트,2016-12-15
LG전자,2002-04-22
SK리츠,2021-09-14
KODEX 헬스케어,2017-03-28
금호전기,1973-11-15
디아이씨,2007-10-18
바이오빌,2003-01-07
ACE 글로벌인컴TOP10 SOLACTIVE,2023-07-11
LS ELECTRIC,1994-07-11
미래에셋벤처투자,2019-03-15
웰바이오텍,1997-07-18
KODEX 인버스,2009-09-16
KBSTAR Fn K-뉴딜디지털플러스,2020-11-10
서암기계공업,2011-12-19
동국제약,2007-05-29
옵투스제약,2010-12-03
아이윈플러스,2016-07-20
네패스아크,2020-11-17
디알젬,2018-11-22
에스엠,2000-04-27
티와이홀딩스,2020-09-22
크로바하이텍,2001-12-20
삼영엠텍,2001-11-15
웹스,2015-08-24
유수홀딩스,1956-03-03
유니트론텍,2016-02-02
동국산업,1999-06-25
신라교역,1976-06-30
소룩스,2020-11-06
한일단조,1996-11-29
삼보모터스,2001-11-06
우리금융지주,2019-02-13
아셈스,2022-02-07
KODEX 골드선물(H),2010-10-01
연이비앤티,2007-09-19
미래아이앤지,1999-11-26
에스메디,2009-12-30
영풍제지,1996-07-03
바이오톡스텍,2007-09-21
일신석재,1986-03-04
에이디엠코리아,2021-06-03
PLUS 애플채권혼합,2022-11-29
한국주철관,1969-12-12
케이엠제약,2015-10-08
조선내화,2023-07-28
에스엠코어,2011-11-08
동일금속,2009-07-28
KG스틸,1986-02-03
엠아이텍,2018-11-29
HD현대일렉트릭,2017-05-10
케일럼,2017-08-22
유성기업,1988-10-10
제너셈,2015-09-25
두산,1973-06-29
한국토지신탁,2016-07-11
TP,1994-12-27
LK삼양,2017-06-02
한국화장품,2010-06-01
티쓰리,2022-11-17
핌스,2020-09-18
에이치와이티씨,2022-08-09
실리콘투,2021-09-29
우주일렉트로,2004-01-02
빅텐츠,2023-08-17
이오플로우,2020-09-14
슈피겐코리아,2014-11-05
LS마린솔루션,2002-02-15
DAISHIN343 K200,2022-06-28
TIGER AI반도체핵심공정,2023-11-21
휠라홀딩스,2010-09-28
동화약품,1976-03-24
자람테크놀로지,2023-03-07
화승인더,1991-02-04
상상인증권,1988-09-23
디케이티,2018-12-21
지아이텍,2021-10-21
롯데하이마트,2011-06-29
플루토스,1989-03-14
비올,2019-12-03
롯데이노베이트,2018-07-27
시그네틱스,2010-11-26
롯데정밀화학,1976-04-15
하이드로리튬,2008-07-15
유진로봇,2001-11-13
에이텀,2023-12-01
키이스트,2003-11-14
TIGER 탄소효율그린뉴딜,2021-02-05
인텍플러스,2011-01-05
유비케어,1997-05-02
덕우전자,2017-08-28
대명에너지,2022-05-16
진에어,2017-12-08
우리바이오,2005-07-29
피앤씨테크,2016-07-04
금비,1990-06-08
코아시아,2000-08-03
쿠쿠홀딩스,2014-08-06
석경에이티,2020-12-23
빌리언스,2001-01-11
아이티아이즈,2021-11-11
골프존,2015-04-03
KODEX K-신재생에너지액티브,2021-05-25
유에스티,2017-04-06
하이퍼코퍼레이션,2003-01-21
SBI핀테크솔루션즈,2012-12-17
GKL,2009-11-19
솔본,1999-08-13
LG생활건강,2001-04-25
툴젠,2021-12-10
지노믹트리,2019-03-27
흥국,2009-05-12
ACE AI반도체포커스,2023-10-17
SNT에너지,2008-02-22
신송홀딩스,2013-11-21
한일철강,1988-10-07
엔시트론,2009-03-31
아이텍,2010-10-26
저스템,2022-10-28
유비쿼스홀딩스,2009-01-23
KOSEF 물가채KIS,2022-05-31
티에프이,2022-11-17
와이어블,2002-06-04
SOL 국고채3년,2022-09-06
ACE 미국하이일드액티브(H),2023-04-18
TIGER 리츠부동산인프라채권TR KIS,2020-05-22
엠게임,2008-12-19
대명소노시즌,1994-01-06
에이테크솔루션,2009-04-17
토비스,2004-11-19
동원시스템즈,1994-03-29
미래에셋글로벌리츠,2021-12-03
대모,2019-07-24
유티아이,2017-09-27
RISE 유로스탁스50(H),2021-04-09
대구백화점,1988-10-10
에스퓨얼셀,2018-10-15
다이나믹디자인,2015-03-19
클리오,2016-11-09
남양유업,1978-06-24
에스디생명공학,2017-03-02
한국수출포장,1974-06-28
KODEX 미국S&P500테크놀로지,2023-08-01
성신양회,1976-06-30
씨아이테크,1989-11-30
스피어파워,2014-09-30
상아프론테크,2011-07-21
티로보틱스,2018-11-29
SK네트웍스,1977-06-30
KODEX 미국스마트모빌리티S&P,2021-06-30
성우하이텍,1995-11-04
한국비티비,2018-09-21
티에이치엔,1996-07-31
빅솔론,2007-08-20
한신공영,1976-07-07
서원인텍,2007-12-20
피델릭스,1997-04-22
대성미생물,2000-04-04
남광토건,1976-12-28
삼성전기,1979-02-27
덴티움,2017-03-15
TKG애강,2006-04-11
삼익악기,1988-09-30
피플바이오,2020-10-19
롯데칠성,1973-06-21
TIGER KRX기후변화솔루션,2021-10-29
린드먼아시아,2018-03-14
TIGER 테슬라채권혼합Fn,2022-11-29
대동기어,1991-05-17
TIGER 일본반도체FACTSET,2023-09-19
SNT다이내믹스,1976-07-08
아래스,2002-01-15
한라IMS,2007-05-22
경동인베스트,1997-03-07
KOSEF 차이나내수소비TOP CSI,2023-04-04
기가비스,2023-05-24
아세아제지,1988-12-15
드림씨아이에스,2020-05-22
대한화섬,1985-12-23
뉴온,2010-10-05
LS에코에너지,2016-09-22
소프트센,1997-07-18
이스트소프트,2008-07-01
한국선재,1995-06-19
디앤디플랫폼리츠,2021-08-27
대신정보통신,1995-10-06
케이엘넷,2002-03-12
이루다,2020-08-06
WISCOM,1996-11-22
한미글로벌,2009-06-23
SJM홀딩스,1997-02-12
티에스넥스젠,2001-07-03
KODEX 코스닥글로벌,2023-06-29
RISE 미국S&P배당킹,2023-06-27
중앙첨단소재,2001-07-31
한국컴퓨터,2002-01-15
SDN,2009-05-19
아모레G,1973-04-30
인포바인,2010-02-09
NICE평가정보,2023-08-08
핸디소프트,2016-11-24
KODEX 미국나스닥100(H),2022-12-02
하나마이크론,2005-10-11
인터플렉스,2003-01-22
한미반도체,2005-07-22
HD현대건설기계,2017-05-10
더테크놀로지,2001-10-11
서울반도체,2002-01-17
KOSEF Fn중소형,2019-08-13
조광피혁,1977-05-27
디엔에프,2007-11-16
수산아이앤티,2016-10-11
KODEX 글로벌비만치료제TOP2 Plus,2024-02-14
샘씨엔에스,2021-05-20
상신브레이크,2004-10-27
GS리테일,2011-12-23
TIGER 차이나클린에너지SOLACTIVE,2021-08-10
에너토크,2006-02-01
미래컴퍼니,2005-01-04
나노엔텍,2000-08-16
엠벤처투자,1989-03-14
KT,1998-12-23
HANARO Fn K-뉴딜디지털플러스,2020-11-10
동일제강,2015-09-24
원풍물산,1997-07-18
한익스프레스,1989-07-25
한창산업,2005-02-01
코셈,2024-02-23
RISE 내수주플러스,2019-06-20
TIGER 미국S&P500배당귀족,2022-05-17
피에스케이,2019-05-10
KODEX 일본부동산리츠(H),2020-05-13
폴라리스오피스,2005-10-28
삼성생명,2010-05-12
KBSTAR 23-11 회사채(AA-이상)액티브,2022-11-22
정원엔시스,2000-09-07
삼진,1997-07-14
화인베스틸,2014-07-22
바이오노트,2022-12-22
이랜텍,2002-05-09
KCC,1973-06-25
신세계 I&C,2006-05-18
이크레더블,2008-10-24
사조산업,1989-07-25
자이글,2016-09-06
에스에이티,2006-11-28
미투온,2016-10-10
휴비츠,2003-10-31
KCI,2001-01-03
잇츠한불,2015-12-28
하이트진로홀딩스,1973-09-19
웰크론,2003-07-29
이녹스첨단소재,2017-07-10
아주스틸,2021-08-20
메드팩토,2019-12-19
디와이피엔에프,2009-12-22
TCC스틸,1984-12-21
후성,2006-12-22
삼성중공업,1994-01-28
유일에너테크,2021-02-25
코난테크놀로지,2022-07-07
SNT모티브,2002-03-11
아이앤씨,2009-10-06
KOSEF SK그룹대표주,2022-12-23
이즈미디어,2017-07-26
THE E&M,2006-10-10
케이프,2007-05-29
HK이노엔,2021-08-09
아주IB투자,2018-11-21
제이엘케이,2019-12-11
해성디에스,2016-06-24
한국앤컴퍼니,1968-12-27
모델솔루션,2022-10-07
벽산,1972-01-04
크레오에스지,2002-01-10
HB솔루션,2020-06-22
VITA 밸류알파액티브,2023-02-21
DS단석,2023-12-22
이지홀딩스,1999-11-23
에코프로,2007-07-20
제닉,2011-08-03
SJM,2010-05-31
블루엠텍,2023-12-13
메타바이오메드,2008-04-15
동일산업,2005-06-30
이노시스,2015-11-12
화천기공,1999-11-18
케이씨텍,2017-12-05
젠큐릭스,2020-06-25
애닉,2018-12-03
세경하이테크,2019-07-30
협진,2013-11-08
오픈베이스,2001-01-09
한국코퍼레이션,2005-12-12
세운메디칼,2008-09-30
텔콘RF제약,2014-11-24
영풍정밀,1999-12-28
혜인,1988-09-20
삼진엘앤디,2004-02-06
한국맥널티,2015-12-23
파라다이스,2024-06-24
삼영전자,1976-12-28
이오테크닉스,2000-08-24
한섬,1996-07-03
한울소재과학,2008-02-01
한올바이오파마,1989-12-18
동방,1988-08-10
경동제약,1992-12-18
코다코,2000-12-26
다산솔루에타,2013-12-27
ACE 스마트로우볼,2019-04-16
이수스페셜티케미컬,2023-05-31
현대공업,2013-12-04
대성하이텍,2022-08-22
오브젠,2023-01-30
맥쿼리인프라,2006-03-15
푸드나무,2018-10-04
오상자이엘,2002-04-09
현대이지웰,2013-12-27
지아이이노베이션,2023-03-30
모베이스,2010-02-04
ACE 미국반도체15%프리미엄분배(합성),2024-04-23
PLUS 신흥국MSCI인버스(합성 H),2020-12-16
노바텍,2018-11-02
신시웨이,2023-11-03
고스트스튜디오,2020-08-18
LS증권,2007-02-21
디앤디파마텍,2024-05-02
하이록코리아,1989-12-15
비츠로테크,2000-08-03
서한,1994-05-24
빅텍,2003-02-05
RISE IT플러스,2019-06-20
극동유화,1991-01-31
한솔테크닉스,1988-07-06
오리엔트정공,2002-09-19
엔비티,2021-01-21
LIG넥스원,2015-10-02
솔고바이오,2000-08-08
나노신소재,2011-02-09
동원금속,1995-11-10
CS홀딩스,1975-12-22
모트렉스,2017-08-04
KC코트렐,2010-01-29
위더스제약,2020-07-03
텔레칩스,2004-12-10
피제이전자,1993-12-07
CJ 바이오사이언스,2019-12-26
에어부산,2018-12-27
우진아이엔에스,2018-09-14
마스턴프리미어리츠,2022-05-31
우신시스템,2002-05-28
덱스터,2015-12-22
모두투어,2005-07-26
라이온켐텍,2013-11-19
영보화학,1997-08-27
네오리진,2007-04-16
감성코퍼레이션,2000-01-11
KODEX 200ESG,2019-11-14
에이치케이,2000-09-07
SK오션플랜트,2023-04-19
KTis,2010-12-17
동국홀딩스,1988-05-09
RISE 미국30년국채엔화노출(합성 H),2023-12-27
제주은행,1972-12-28
포스코스틸리온,2002-08-16
대덕,1989-01-26
태영건설,1989-11-13
네오팜,2007-01-30
SOL 미국S&P500ESG,2021-09-14
아바텍,2012-11-06
미래에셋맵스리츠,2020-08-05
KOSEF 미국S&P500(H),2022-12-20
BYC,1975-06-02
윈팩,2013-03-07
롯데리츠,2019-10-30
노랑풍선,2019-01-30
오뚜기,1994-08-12
대한제강,2005-10-31
삼성화재,1975-06-30
세영디앤씨,2001-06-21
동양생명,2009-10-08
우리엔터프라이즈,1999-12-16
호전실업,2017-02-02
ITX-AI,2009-12-22
골든센츄리,2016-10-19
라파스,2019-11-11
OCI,2023-05-30
삼성출판사,2002-08-05
KS인더스트리,2009-11-06
리가켐바이오,2013-05-10
현대차증권,1990-06-09
웅진,1994-11-05
제일약품,2017-07-17
ACE 미국배당다우존스,2021-10-21
에이프로,2020-07-16
새빗켐,2022-08-04
SOL AI반도체소부장,2023-04-25
신일제약,1999-08-13
신화인터텍,2001-12-13
파워넷,2018-06-07
RISE 삼성그룹Top3채권혼합,2022-11-29
네오오토,2015-11-18
삼화전기,1986-11-24
HLB바이오스텝,2019-11-27
하이즈항공,2015-11-25
한미약품,2010-07-30
진양산업,1973-06-26
퀀타매트릭스,2020-12-09
HANARO Fn K-푸드,2022-08-17
RISE 미국30년국채커버드콜(합성),2023-12-14
코콤,1997-09-30
바른손,1994-03-18
SUN&L,1976-05-22
나이스정보통신,2000-05-03
아이티엠반도체,2019-11-07
조아제약,1999-08-13
HANARO KAP초장기국고채,2020-01-16
한탑,1995-07-07
히어로즈 24-09 회사채(AA-이상)액티브,2023-08-17
신세계인터내셔날,2011-07-14
문배철강,1994-11-05
삼성E&A,1996-12-24
BGF에코머티리얼즈,2010-11-12
맥스트,2021-07-27
파마리서치,2015-07-24
라이프시맨틱스,2021-03-23
원익,1997-07-18
삼일,1997-03-15
엔젠바이오,2020-12-10
삼기이브이,2023-02-03
한국전자금융,2006-07-14
바이넥스,2001-08-07
신세계푸드,2010-04-29
파로스아이바이오,2023-07-27
RISE 금융채액티브,2019-10-29
이에이트,2024-02-23
폴루스바이오팜,1988-10-24
디티앤씨알오,2022-11-11
엑스페릭스,2019-08-01
TJ미디어,1997-04-16
에스앤에스텍,2009-04-14
크레버스,2008-06-27
이지트로닉스,2022-02-04
일진다이아,2004-12-22
황금에스티,2009-10-29
SKC,1997-07-18
파라텍,1997-12-26
형지I&C,2004-07-02
HB테크놀러지,2004-12-08
탑머티리얼,2022-10-18
윙입푸드,2018-11-30
링네트,2002-01-10
에스씨디,2000-07-13
누리플랜,2010-10-26
수성웹툰,2005-12-16
이노시뮬레이션,2023-07-06
와이솔,2010-09-10
코리아오토글라스,2015-12-29
헥토이노베이션,2015-06-30
YTN,2001-09-04
퍼시스,1996-12-24
엔케이,2008-01-24
예스티,2015-12-16
이지스밸류리츠,2020-07-16
DB,1993-01-06
에이프로젠,1995-07-08
KB금융,2008-10-10
KODEX 차이나메타버스액티브,2022-05-17
오로스테크놀로지,2021-02-24
한미사이언스,1988-06-20
KODEX Fn Top10동일가중,2021-07-30
유니셈,1999-12-10
베셀,2015-06-19
드림텍,1990-01-01
KODEX 탄소효율그린뉴딜,2021-02-05
슈어소프트테크,2023-04-28
유진테크놀로지,2023-11-02
에이직랜드,2023-11-13
서울바이오시스,2020-03-06
아이큐어,2018-07-12
이연제약,2010-06-10
앱코,2020-12-02
동구바이오제약,2018-02-13
아모센스,2021-06-25
SK디스커버리,1976-06-29
한전기술,2009-12-14
상신전자,2017-10-16
마음AI,2021-11-23
HANARO Fn K-게임,2021-07-30
모아데이타,2022-03-10
KODEX KRX기후변화솔루션,2021-10-29
한양증권,1988-03-04
동국S&C,2009-08-31
디에스케이,2009-09-23
인터엠,1996-01-03
더네이쳐홀딩스,2020-07-27
서플러스글로벌,2017-01-25
태광산업,1975-12-27
오공,2000-08-10
한국전자인증,2010-11-19
KX하이텍,2005-01-18
코아스템켐온,2015-06-26
코스맥스엔비티,2015-12-16
슈펙스비앤피,2002-02-05
유안타증권,1988-01-21
오리온,2017-07-07
이엠앤아이,2008-09-18
롯데관광개발,2006-06-08
에넥스,1995-07-08
광동제약,1989-11-17
한국큐빅,2003-01-24
삼일제약,1985-05-29
PLUS 글로벌HBM반도체,2022-09-22
세아제강지주,1969-05-13
두산밥캣,2016-11-18
금화피에스시,2000-12-26
경남제약,2001-11-06
위드텍,2020-10-30
하이스틸,2003-02-17
SK이터닉스,2024-03-29
일양약품,1974-08-28
오리엔트바이오,1976-12-28
고바이오랩,2020-11-18
퍼스텍,1989-05-10
에이치피오,2021-05-14
대원전선,1988-05-04
유틸렉스,2018-12-24
한국내화,2000-10-16
씨앤지하이테크,2018-01-25
TIGER 은행고배당플러스TOP10,2023-10-17
GS건설,1981-08-03
SNK,2019-05-07
PLUS ESG성장주액티브,2021-07-30
한진중공업홀딩스,1956-03-03
에코프로에이치엔,2021-05-28
잉글우드랩,2016-10-14
토니모리,2015-07-10
유비벨록스,2010-06-18
네오셈,2018-04-04
비엠티,2007-11-02
박셀바이오,2020-09-22
삼륭물산,1992-12-29
KCC글라스,2020-01-21
바이오솔루션,2018-08-20
한국알콜,1992-08-04
삼성SDI,1979-02-27
RISE 25-11 회사채(AA-이상)액티브,2022-11-22
뉴보텍,2002-02-05
센서뷰,2023-07-19
한일홀딩스,1969-11-20
파인엠텍,2022-10-07
FSN,2015-03-25
ACE Fn5G플러스,2021-04-02
DGB금융지주,2011-06-07
아스플로,2021-10-07
TIGER 2차전지소재Fn,2023-07-13
유니온커뮤니티,2016-12-07
대륙제관,1994-12-29
원티드랩,2021-08-11
신한지주,2001-09-10
GH신소재,2013-08-02
NH올원리츠,2021-11-18
퀀텀온,2018-11-15
서산,2005-01-21
FOCUS 혁신기업액티브,2021-09-30
넥센타이어,1976-05-19
PLUS 미국대체투자Top10,2022-05-11
대유에이텍,1977-02-18
오픈놀,2023-06-30
압타머사이언스,2020-09-16
알피바이오,2022-09-29
케이피엠테크,2003-01-07
휴림로봇,2006-12-05
인피니트헬스케어,2010-05-26
TIGER 글로벌BBIG액티브,2021-05-25
아시아종묘,2018-02-12
SH에너지화학,1985-12-23
TIGER 미국나스닥100TR채권혼합Fn,2022-07-06
아이엠티,2023-10-10
KODEX 미국반도체MV,2021-06-30
KODEX 차이나항셍테크,2020-12-16
SPC삼립,1975-05-02
육일씨엔에쓰,2015-12-24
ACE 24-12 회사채(AA-이상)액티브,2022-11-22
톱텍,2009-09-15
두산로보틱스,2023-10-05
씨티알모빌리티,2019-11-25
엠에스오토텍,2010-08-06
원익머트리얼즈,2011-12-28
일진전기,2008-08-01
자화전자,1999-01-06
일진디스플,2002-01-09
인콘,2005-12-27
까뮤이앤씨,1989-11-30
삼현,2024-03-21
SK스퀘어,2021-11-29
SGC E&C,1999-12-28
TIGER KEDI혁신기업ESG30,2022-02-08
SK아이이테크놀로지,2021-05-11
미스터블루,2014-12-12
KODEX 미국배당프리미엄액티브,2022-09-27
롯데지주,1974-02-16
CJ CGV,2004-12-24
신풍,1976-06-30
라온피플,2019-10-18
풀무원,1995-10-05
레몬,2020-02-28
TPC,2001-01-16
율촌,2023-09-08
덕산테코피아,2019-08-02
하이비젼시스템,2010-09-10
아시아나IDT,2018-11-23
태웅,2001-11-08
아난티,1996-01-06
한국유니온제약,2018-07-26
서연이화,2014-08-08
샘표식품,2016-08-09
래몽래인,2021-12-30
인선이엔티,2002-06-14
제노코,2021-03-24
넥스틴,2020-10-08
카스,1990-01-04
제이에스티나,1999-12-21
동양이엔피,2005-02-01
에스트래픽,2017-12-05
KH 미래물산,2010-11-05
BNK금융지주,2011-03-30
태림포장,1988-12-20
제주항공,2015-11-06
우양,2019-11-20
듀오백,2004-02-06
ACE 미국500 15%프리미엄분배(합성),2024-04-23
핸즈코퍼레이션,2016-12-02
엠케이전자,1997-11-10
한창제지,1987-12-23
KoAct 배당성장액티브,2024-02-27
태원물산,1975-06-24
에코아이,2023-11-21
시큐브,2011-12-21
에이에프더블류,2019-07-01
위니아,2016-07-14
KBG,2019-08-01
진영,2023-06-01
파이오링크,2013-08-01
SGC에너지,1993-01-06
이큐셀,2015-06-26
드림시큐리티,2014-10-13
HLB생명과학,2008-11-25
이수앱지스,2009-02-03
도화엔지니어링,2010-08-12
프로텍,2001-08-17
SK케미칼,2018-01-05
한화오션,2001-02-02
KODEX 미국서학개미,2023-12-27
테고사이언스,2014-11-06
테라사이언스,2004-01-06
아나패스,2010-11-05
HLB테라퓨틱스,2010-03-26
인터파크,2014-02-06
HANARO 미국S&P500,2022-06-08
휴온스,2016-06-03
캐리소프트,2019-10-29
페이퍼코리아,1976-06-26
코메론,2001-01-16
대한뉴팜,2002-02-26
SM Life Design,2002-05-30
히어로즈 글로벌리츠이지스액티브,2022-07-29
KBI메탈,1994-12-29
한일사료,1994-11-07
HDC현대산업개발,2018-06-12
유진기업,1994-10-07
TIGER 미국캐시카우100,2023-09-19
HANARO 미국애그테크,2023-11-28
원림,1990-04-20
KODEX 한국부동산리츠인프라,2024-03-05
한신기계,1987-07-24
시너지이노베이션,2004-08-13
비케이홀딩스,2004-06-29
미원화학,2011-02-15
LB세미콘,2011-01-31
KODEX K-미래차액티브,2021-05-25
고려아연,1990-07-28
비트나인,2021-11-10
KODEX 미국S&P500금융,2023-03-21
동원F&B,2000-11-23
대호에이엘,2002-11-11
대우부품,1989-08-25
대상홀딩스,2005-08-17
KODEX 200 중소형,2015-09-01
제이아이테크,2022-11-04
SK가스,1997-08-27
코스나인,2005-10-05
대원,2017-12-01
JW생명과학,2016-10-27
키다리스튜디오,1996-07-03
스카이라이프,2011-06-03
다날,2004-07-23
KODEX 미국S&P500커뮤니케이션,2023-08-01
유니켐,1989-12-14
대동금속,1993-07-30
에스피시스템스,2019-08-14
로지시스,2015-07-29
동양,1976-06-25
로보로보,2015-04-22
케이엠더블유,2000-03-21
피씨엘,2017-02-23
한진,1974-08-12
성일하이텍,2022-07-28
에스에이엠티,2000-05-23
다산네트웍스,2000-06-22
RISE 메타버스,2021-10-13
한국정보공학,2000-07-06
솔트웨어,2019-08-20
디젠스,2012-11-22
시큐레터,2023-08-24
올릭스,2018-07-18
KoAct 바이오헬스케어액티브,2023-08-03
인트론바이오,2011-01-26
부산산업,1990-09-14
인지디스플레,1999-12-14
JTC,2018-04-06
대화제약,2003-02-14
네오크레마,2019-08-22
KOSEF 차이나A50커넥트MSCI,2022-09-20
동양에스텍,2002-02-05
삼진제약,1988-06-18
성광벤드,2001-01-11
소니드,2002-06-25
인바이오,2020-12-11
서울가스,1995-08-18
제일기획,1998-03-03
와토스코리아,2005-11-15
에코마케팅,2016-08-08
플라즈맵,2022-10-21
오로라,2001-01-03
RISE 미국반도체NYSE(H),2023-10-24
종근당바이오,2001-12-11
동운아나텍,2015-06-30
KINDEX Fn K-뉴딜디지털플러스,2020-11-10
동양파일,2016-04-06
케이엔솔,2020-09-24
아스트,2014-12-24
코아스,2005-08-04
유니드비티플러스,2022-11-28
샤페론,2022-10-19
인탑스,2002-02-21
피피아이,2019-12-26
SG세계물산,1976-04-19
제이씨현시스템,1997-11-10
경남제약헬스케어,2015-12-24
글로본,1992-06-04
아이컴포넌트,2008-12-16
티엘아이,2006-07-25
이월드,2005-07-26
인팩,2004-09-21
동일고무벨트,2012-10-19
애드바이오텍,2022-01-24
모아텍,1997-10-13
대덕전자,2020-05-21
TIGER 글로벌리튬&2차전지SOLACTIVE(합성),2021-07-20
코미코,2017-03-23
JW중외제약,1976-06-14
메타랩스,2006-12-26
NHN벅스,2009-10-06
한글과컴퓨터,1996-09-24
남화산업,2018-11-29
아미코젠,2013-09-12
방림,1989-05-30
DL건설,1977-12-22
로체시스템즈,2003-11-14
대한광통신,1994-11-07
코람코라이프인프라리츠,2020-08-31
SK,2009-11-11
라닉스,2019-09-18
현대로템,2013-10-30
씨유테크,2021-10-08
삼성공조,1987-11-28
밀리의서재,2023-09-27
나라엠앤디,2001-06-12
RISE 200위클리커버드콜,2024-03-05
코엔텍,2004-06-18
세중,2000-06-09
동양고속,2005-07-25
알에스오토메이션,2017-08-11
대창스틸,2014-12-05
주연테크,2006-11-15
무림P&P,1989-06-20
교보증권,2002-07-18
부방,1994-02-25
EDGC,2018-06-26
뉴로메카,2022-11-04
파워로직스,2003-07-25
갤럭시아에스엠,1989-11-14
대한전선,1968-12-27
KG에코솔루션,2013-07-24
케이피에프,1994-12-29
이수페타시스,2003-10-07
우림피티에스,2009-04-28
국순당,2000-08-24
리드코프,1996-01-19
삼목에스폼,1996-05-03
명문제약,2008-07-10
위지윅스튜디오,2018-12-20
iMBC,2005-01-21
비에이치,2023-06-20
빛과전자,2004-02-13
케이사인,2014-04-28
코센,1990-07-27
대성산업,2010-07-30
넷마블,2017-05-12
티웨이항공,2018-08-01
스틱인베스트먼트,1997-11-25
샌즈랩,2023-02-15
이트론,2008-01-25
태광,1994-09-07
알비더블유,2021-11-22
대웅제약,2002-11-01
셀트리온,2018-02-09
KH바텍,2002-05-21
동아타이어,2017-11-29
알티캐스트,2013-12-06
국보,1989-12-02
현대제철,1987-05-23
엑셈,2014-11-07
락앤락,2010-01-28
피에스텍,1991-01-04
이니텍,2001-11-15
에이프릴바이오,2022-07-28
쎌바이오텍,2002-12-13
TIGER 스페이스테크iSelect,2023-07-25
파인디앤씨,2001-07-26
성문전자,1990-03-24
한화시스템,2019-11-13
제이엔비,2023-11-24
녹십자,1989-08-01
코세스,2006-11-08
코썬바이오,2016-12-09
애경케미칼,2012-09-17
차백신연구소,2021-10-22
위메이드,2009-12-18
큐알티,2022-11-02
KTcs,2010-09-16
커넥트웨이브,2011-01-24
카카오뱅크,2021-08-06
액트로,2018-08-28
KODEX 200,2002-10-14
동원산업,1989-03-07
기산텔레콤,1999-11-18
씨이랩,2021-02-24
유일로보틱스,2022-03-18
슈프리마에이치큐,2008-07-11
이엠텍,2007-05-02
HLB이노베이션,2001-01-18
빛샘전자,2012-03-21
티씨케이,2003-08-18
현대에버다임,2003-11-14
넥스틸,2023-08-21
더라미,1997-07-04
한주라이트메탈,2023-01-19
세우글로벌,1989-09-05
성창기업지주,1976-06-02
웹케시,2019-01-25
코텍,2001-07-10
메이슨캐피탈,1996-09-02
덕산하이메탈,2005-10-14
파크시스템스,2015-12-17
성안,1995-11-10
한국타이어앤테크놀로지,2012-10-04
캠시스,2001-05-17
캡스톤파트너스,2023-11-15
뉴파워프라즈마,2016-11-30
한국정보인증,2014-02-04
홈센타홀딩스,2002-07-11
미래에셋증권,1975-09-30
수산중공업,1991-08-30
제이알글로벌리츠,2020-08-07
엠아이큐브솔루션,2023-08-04
브이엠,2018-08-23
마이티 다이나믹퀀트액티브,2022-10-25
큐라티스,2023-06-15
KODEX 미국클린에너지나스닥,2022-03-22
와이엔텍,2005-12-23
현대바이오,2002-08-08
지오엘리먼트,2021-11-11
넥스트아이,2011-06-14
좋은사람들,1997-11-03
세코닉스,2001-08-09
에스원,1996-01-30
제룡전기,1997-08-18
HL홀딩스,2010-05-19
더코디,2015-12-29
KODEX AI반도체핵심장비,2023-11-21
알서포트,2011-01-05
강원에너지,2009-11-20
넵튠,2015-06-18
파수,2013-10-18
HD현대에너지솔루션,2019-11-19
옵티팜,2018-10-26
전진바이오팜,2018-12-14
세명전기,1991-12-26
에쎈테크,2000-08-29
한국화장품제조,1978-02-06
쌍용차,1975-05-29
해성산업,1999-04-16
엑스큐어,2010-06-09
승일,2001-01-18
제이브이엠,2006-06-07
평화홀딩스,1986-03-31
삼성전자우,1990-01-01
대봉엘에스,2005-12-23
신흥,1991-02-08
비아트론,2012-05-04
서희건설,1999-12-24
엔피케이,2000-10-12
트윔,2021-11-17
씨씨에스,2003-05-30
우정바이오,2015-05-18
에스디시스템,2010-07-16
RISE 25-03 회사채(AA-이상)액티브,2023-08-17
강동씨앤엘,2014-08-13
원텍,2019-12-19
국일제지,2004-10-22
제이오,2023-02-16
케이씨티,2006-12-13
엔씨소프트,2003-05-22
대산F&B,2007-07-18
미래나노텍,2007-10-01
인피니티엔티,1993-04-21
신세계건설,2002-06-17
아즈텍WB,2000-10-26
한국철강,2008-09-29
비비씨,2020-09-21
TIGER 차이나전기차SOLACTIVE,2020-12-08
대동,1975-06-27
CR홀딩스,1978-06-30
아이진,2015-11-16
액토즈소프트,2001-08-14
바이오니아,2005-12-29
컴투스,2007-07-06
메가터치,2023-11-09
럭슬,2000-11-21
인터로조,2010-07-28
에스제이지세종,2002-09-25
현대해상,1989-08-25
위메이드맥스,2009-06-03
바이오스마트,2000-06-22
DH오토웨어,1995-05-22
세방,1977-05-19
디티씨,2002-12-30
TIGER Fn메타버스,2021-10-13
이노진,2023-02-20
신한알파리츠,2018-08-08
장원테크,2016-07-15
미래에셋생명,2015-07-08
오디텍,2007-10-08
아시아나항공,2008-03-28
뉴트리,2018-12-13
CJ ENM,1999-11-23
참엔지니어링,1987-11-12
서전기전,2014-12-24
범양건영,1988-05-25
삼천리,1976-12-23
한국가스공사,1999-12-15
휴먼테크놀로지,2015-09-23
양지사,1996-10-24
화승엔터프라이즈,2016-10-04
유니드,2004-12-03
영원무역,2009-07-30
컨텍,2023-11-09
SCL사이언스,2019-02-01
피에스케이홀딩스,1997-01-07
WOORI 200,2022-12-16
AJ네트웍스,2015-08-21
조일알미늄,1988-11-22
에프엔씨엔터,2014-12-04
진흥기업,1977-06-25
토마토시스템,2023-04-27
ACE 스마트퀄리티,2019-04-16
POSCO홀딩스,1988-06-10
KODEX 미국S&P500(H),2022-12-02
HANARO Fn5G산업,2020-10-29
조광ILI,2001-01-18
티웨이홀딩스,1977-06-30
베뉴지,1993-11-05
세이브존I&C,2002-07-25
대우건설,2001-03-23
한성크린텍,2003-01-17
에이비엘바이오,2018-12-19
덕산네오룩스,2015-02-06
한국특강,1989-11-13
LB루셈,2021-06-11
OCI홀딩스,1985-07-09
윈스,2011-05-02
SK바이오사이언스,2021-03-18
인성정보,1999-07-30
트루엔,2023-05-17
풍국주정,1994-11-23
스포츠서울,2004-01-16
KPX케미칼,1994-12-27
원익IPS,2016-05-02
스톰테크,2023-11-20
이브이첨단소재,2010-12-27
케이씨피드,1995-07-07
마이크로컨텍솔,2008-09-23
아이윈,2006-10-20
현대차,1974-06-28
NICE,2004-02-04
교촌에프앤비,2020-11-12
씨유박스,2023-05-19
와이지-원,1997-08-06
케이아이엔엑스,2011-02-08
신흥에스이씨,2017-09-27
흥아해운,1976-06-29
대성창투,1999-11-30
KISCO홀딩스,1989-11-13
케이엔알시스템,2024-03-07
국동,1996-12-24
샘표,1976-06-29
경농,1977-06-30
펌텍코리아,2019-07-04
KODEX 철강,2009-10-30
이화산업,1994-04-29
매커스,2007-02-12
HD현대마린솔루션,2024-05-08
국도화학,1989-08-05
에스티아이,2002-02-28
티엘비,2020-12-14
유화증권,1987-08-24
푸른소나무,2003-12-29
고려제강,1976-05-25
알엔투테크놀로지,2016-06-22
뉴프렉스,2006-01-17
광진실업,1996-01-03
프럼파스트,2002-01-15
비츠로시스,2001-12-26
레드캡투어,2000-02-01
까스텔바작,2019-06-10
에이티넘인베스트,1991-07-12
일진파워,2007-11-06
한솔아이원스,2013-02-07
루닛,2022-07-21
대보마그네틱,2018-11-06
AP위성,2016-03-04
유엔젤,2003-07-01
SG글로벌,1976-06-29
이엔플러스,2003-12-23
엘앤에프,2024-01-29
강스템바이오텍,2015-12-21
팬스타엔터프라이즈,2002-01-10
